"Pg","Name","Total_units","unjoin_Missing","unjoin_CDP","unjoin_Remainder","unjoin_99999","total_joinable","unjoin_CDP_Pct","unjoin_Remainder_Pct","unjoin_99999_Pct","total_unjoinable","total_unjoinable_Pct"
1,"All Programs",52002,441,386,1326,422,51561,0.748627838870464,2.57171117705242,0.818448051822114,2134,4.138787067745
2,"Public Housing",10276,0,0,6,6,10276,0,0.0583884780070066,0.0583884780070066,12,0.116776956014013
3,"Housing Choice Vouchers",27970,244,366,907,375,27726,1.32006059294525,3.27129769891077,1.35252109932915,1648,5.94387939118517
4,"Moderate Rehabilitation",63,0,0,0,0,63,0,0,0,0,0
5,"Project Based Section 8",11272,116,0,354,5,11156,0,3.17318035138042,0.0448189315166726,359,3.2179992828971
6,"RentSup/RAP",NA,NA,NA,NA,NA,NA,NA,NA,NA,NA,NA
7,"S236/BMIR",NA,NA,NA,NA,NA,NA,NA,NA,NA,NA,NA
8,"202/PRAC",1554,0,19,21,17,1554,1.22265122265122,1.35135135135135,1.09395109395109,57,3.66795366795367
9,"811/PRAC",872,81,1,37,20,791,0.126422250316056,4.67762326169406,2.52844500632111,58,7.33249051833123
