"Pg","Name","Total_units","unjoin_Missing","unjoin_CDP","unjoin_Remainder","unjoin_99999","total_joinable","unjoin_CDP_Pct","unjoin_Remainder_Pct","unjoin_99999_Pct","total_unjoinable","total_unjoinable_Pct"
1,"All Programs",84093,319,14152,3751,3001,83774,16.893069448755,4.47752285912097,3.58225702485258,20904,24.9528493327285
2,"Public Housing",12725,1,2358,374,126,12724,18.531908204967,2.93932725558001,0.990254636906633,2858,22.4614900974536
3,"Housing Choice Vouchers",45468,288,6786,1452,1663,45180,15.0199203187251,3.21381142098274,3.68083222664896,9901,21.9145639663568
4,"Moderate Rehabilitation",313,0,0,0,0,313,0,0,0,0,0
5,"Project Based Section 8",23433,30,4516,1658,868,23403,19.2966713669188,7.08456180831517,3.70892620604196,7042,30.0901593812759
6,"RentSup/RAP",NA,NA,NA,NA,NA,NA,NA,NA,NA,NA,NA
7,"S236/BMIR",23,0,3,20,0,23,13.0434782608696,86.9565217391304,0,23,100
8,"202/PRAC",1892,0,464,225,328,1892,24.5243128964059,11.892177589852,17.3361522198731,1017,53.7526427061311
9,"811/PRAC",240,0,24,22,16,240,10,9.16666666666667,6.66666666666667,62,25.8333333333333
