"Pg","Name","Total_units","unjoin_Missing","unjoin_CDP","unjoin_Remainder","unjoin_99999","total_joinable","unjoin_CDP_Pct","unjoin_Remainder_Pct","unjoin_99999_Pct","total_unjoinable","total_unjoinable_Pct"
1,"All Programs",41130,144,136,247,82,40986,0.331820621675694,0.602644805543356,0.200068316010345,465,1.1345337432294
2,"Public Housing",3994,0,0,2,0,3994,0,0.0500751126690035,0,2,0.0500751126690035
3,"Housing Choice Vouchers",23927,133,136,240,80,23794,0.571572665377826,1.0086576447844,0.336219214928133,456,1.91644952509036
4,"Moderate Rehabilitation",0,0,0,0,0,0,NA,NA,NA,0,NA
5,"Project Based Section 8",11858,10,0,3,2,11848,0,0.025320729237002,0.0168804861580014,5,0.0422012153950034
6,"RentSup/RAP",NA,NA,NA,NA,NA,NA,NA,NA,NA,NA,NA
7,"S236/BMIR",5,0,0,0,0,5,0,0,0,0,0
8,"202/PRAC",1064,1,0,1,0,1063,0,0.0940733772342427,0,1,0.0940733772342427
9,"811/PRAC",276,0,0,0,0,276,0,0,0,0,0
