"Pg","Name","Total_units","unjoin_Missing","unjoin_CDP","unjoin_Remainder","unjoin_99999","total_joinable","unjoin_CDP_Pct","unjoin_Remainder_Pct","unjoin_99999_Pct","total_unjoinable","total_unjoinable_Pct"
1,"All Programs",168565,942,11210,9330,16394,167623,6.68762639971842,5.56606193660774,9.78028074906188,36934,22.033969085388
2,"Public Housing",26640,0,384,517,2089,26640,1.44144144144144,1.94069069069069,7.84159159159159,2990,11.2237237237237
3,"Housing Choice Vouchers",87940,881,7027,6104,7802,87059,8.071537692829,7.01133713918147,8.96173859107043,20933,24.0446134230809
4,"Moderate Rehabilitation",239,0,8,0,19,239,3.34728033472803,0,7.94979079497908,27,11.2970711297071
5,"Project Based Section 8",48542,46,2774,2022,5531,48496,5.72005938634114,4.16941603431211,11.4050643352029,10327,21.2945397558562
6,"RentSup/RAP",NA,NA,NA,NA,NA,NA,NA,NA,NA,NA,NA
7,"S236/BMIR",473,0,0,32,0,473,0,6.76532769556025,0,32,6.76532769556025
8,"202/PRAC",3764,1,816,510,776,3763,21.6848259367526,13.5530162104704,20.6218442731863,2102,55.8596864204092
9,"811/PRAC",970,14,200,144,181,956,20.9205020920502,15.0627615062762,18.9330543933054,525,54.9163179916318
