"Pg","Name","Total_units","unjoin_Missing","unjoin_CDP","unjoin_Remainder","unjoin_99999","total_joinable","unjoin_CDP_Pct","unjoin_Remainder_Pct","unjoin_99999_Pct","total_unjoinable","total_unjoinable_Pct"
1,"All Programs",168565,942,10094,9330,16394,167623,6.02184664395697,5.56606193660774,9.78028074906188,35818,21.3681893296266
2,"Public Housing",26640,0,381,517,2089,26640,1.43018018018018,1.94069069069069,7.84159159159159,2987,11.2124624624625
3,"Housing Choice Vouchers",87940,881,6250,6104,7802,87059,7.17903950194696,7.01133713918147,8.96173859107043,20156,23.1521152321989
4,"Moderate Rehabilitation",239,0,8,0,19,239,3.34728033472803,0,7.94979079497908,27,11.2970711297071
5,"Project Based Section 8",48542,46,2603,2022,5531,48496,5.36745298581326,4.16941603431211,11.4050643352029,10156,20.9419333553283
6,"RentSup/RAP",NA,NA,NA,NA,NA,NA,NA,NA,NA,NA,NA
7,"S236/BMIR",473,0,0,32,0,473,0,6.76532769556025,0,32,6.76532769556025
8,"202/PRAC",3764,1,706,510,776,3763,18.7616263619453,13.5530162104704,20.6218442731863,1992,52.9364868456019
9,"811/PRAC",970,14,144,144,181,956,15.0627615062762,15.0627615062762,18.9330543933054,469,49.0585774058577
