"Pg","Name","Total_units","unjoin_Missing","unjoin_CDP","unjoin_Remainder","unjoin_99999","total_joinable","unjoin_CDP_Pct","unjoin_Remainder_Pct","unjoin_99999_Pct","total_unjoinable","total_unjoinable_Pct"
1,"All Programs",168565,942,13603,9330,16394,167623,8.1152347828162,5.56606193660774,9.78028074906188,39327,23.4615774684858
2,"Public Housing",26640,0,489,517,2089,26640,1.83558558558559,1.94069069069069,7.84159159159159,3095,11.6178678678679
3,"Housing Choice Vouchers",87940,881,8328,6104,7802,87059,9.56592655555428,7.01133713918147,8.96173859107043,22234,25.5390022858062
4,"Moderate Rehabilitation",239,0,8,0,19,239,3.34728033472803,0,7.94979079497908,27,11.2970711297071
5,"Project Based Section 8",48542,46,3580,2022,5531,48496,7.38205212801056,4.16941603431211,11.4050643352029,11133,22.9565324975256
6,"RentSup/RAP",NA,NA,NA,NA,NA,NA,NA,NA,NA,NA,NA
7,"S236/BMIR",473,0,0,32,0,473,0,6.76532769556025,0,32,6.76532769556025
8,"202/PRAC",3764,1,981,510,776,3763,26.0696252989636,13.5530162104704,20.6218442731863,2267,60.2444857826203
9,"811/PRAC",970,14,215,144,181,956,22.489539748954,15.0627615062762,18.9330543933054,540,56.4853556485356
