"Pg","Name","Total_units","unjoin_Missing","unjoin_CDP","unjoin_Remainder","unjoin_99999","total_joinable","unjoin_CDP_Pct","unjoin_Remainder_Pct","unjoin_99999_Pct","total_unjoinable","total_unjoinable_Pct"
1,"All Programs",222354,501,11780,13901,12654,221853,5.30982226970111,6.26586072759891,5.70377682519506,38335,17.2794598224951
2,"Public Housing",56570,32,2138,1252,1851,56538,3.78152746825144,2.21443984576745,3.27390427676961,5241,9.2698715907885
3,"Housing Choice Vouchers",96167,428,5619,6955,5804,95739,5.86908156550622,7.26454214061145,6.06231525292723,18378,19.1959389590449
4,"Moderate Rehabilitation",882,6,37,0,45,876,4.22374429223744,0,5.13698630136986,82,9.36073059360731
5,"Project Based Section 8",61242,31,3581,5212,4054,61211,5.85025567299995,8.51480942967767,6.62299259936939,12847,20.988057702047
6,"RentSup/RAP",NA,NA,NA,NA,NA,NA,NA,NA,NA,NA,NA
7,"S236/BMIR",249,0,0,0,0,249,0,0,0,0,0
8,"202/PRAC",6021,2,251,415,817,6019,4.17012792822728,6.89483302874232,13.5736833361023,1483,24.6386442930719
9,"811/PRAC",1223,1,154,65,81,1222,12.6022913256956,5.31914893617021,6.62847790507365,300,24.5499181669394
