"Pg","Name","Total_units","unjoin_Missing","unjoin_CDP","unjoin_Remainder","unjoin_99999","total_joinable","unjoin_CDP_Pct","unjoin_Remainder_Pct","unjoin_99999_Pct","total_unjoinable","total_unjoinable_Pct"
1,"All Programs",169905,874,10346,10599,19463,169031,6.12077074619449,6.27044743271944,11.5144559282025,40408,23.9056741071164
2,"Public Housing",27546,1,467,536,2422,27545,1.69540751497549,1.94590669813033,8.79288437102922,3425,12.4341985841351
3,"Housing Choice Vouchers",87088,802,6284,7035,8825,86286,7.28275734186311,8.15311869828246,10.2276151403472,22144,25.6634911804928
4,"Moderate Rehabilitation",205,0,8,0,15,205,3.90243902439024,0,7.31707317073171,23,11.219512195122
5,"Project Based Section 8",48752,57,2732,2018,6536,48695,5.61043228257521,4.14416264503542,13.4223226203922,11286,23.1769175480029
6,"RentSup/RAP",NA,NA,NA,NA,NA,NA,NA,NA,NA,NA,NA
7,"S236/BMIR",1574,0,0,196,509,1574,0,12.4523506988564,32.3379923761118,705,44.7903430749682
8,"202/PRAC",3766,1,705,621,954,3765,18.7250996015936,16.4940239043825,25.3386454183267,2280,60.5577689243028
9,"811/PRAC",974,13,148,194,198,961,15.4006243496358,20.1873048907388,20.6035379812695,540,56.1914672216441
